{
    "centroids": [
        [
            1.4615384615384615,
            0.241025641025641
        ],
        [
            4.216216216216216,
            1.324324324324324
        ],
        [
            5.5659090909090905,
            2.0318181818181817
        ]
    ],
    "labels": [
        0,
        1,
        2
    ]
}